dist_km,x_map,y_map,lon_deg,lat_deg,row_pix,col_pix,inside_raster,residual_mGal
0.0,-354740.92477427266,-113239.62636768412,119.19200199999999,-3.0039650000000004,295.2213673076287,32.284624671340396,1,-2.0541107997510846
1.9912704467896547,-353054.67191522074,-112180.51858865637,119.20720099563454,-2.994423213919141,294.69181341811486,33.12775110086636,1,0.8355632634730239
3.9825408935793094,-351368.4190561688,-111121.4108096286,119.22239962952415,-2.9848812059272527,294.16225952860094,33.97087753039233,1,2.295225435956544
5.973811340368964,-349682.1661971169,-110062.30303060086,119.23759790287966,-2.975338976475093,293.6327056390871,34.814003959918296,1,9.226870880748013
7.965081787158619,-347995.913338065,-109003.1952515731,119.25279581691196,-2.9657965260133548,293.1031517495732,35.65713038944426,1,21.290609453979002
9.956352233948273,-346309.66047901305,-107944.08747254535,119.26799337283185,-2.956253854992663,292.57359786005935,36.5002568189702,1,17.353348848818133
11.947622680737927,-344623.40761996113,-106884.9796935176,119.28319057185013,-2.9467109638635773,292.04404397054543,37.34338324849617,1,11.401865170584328
13.938893127527585,-342937.1547609092,-105825.87191448984,119.29838741517754,-2.937167853076589,291.51449008103157,38.186509678022134,1,6.461570438865342
15.930163574317238,-341250.9019018573,-104766.76413546209,119.31358390402478,-2.927624523082128,290.9849361915177,39.0296361075481,1,-9.631392906020714
17.921434021106894,-339564.6490428054,-103707.65635643432,119.32878003960255,-2.918080974330552,290.45538230200384,39.87276253707401,1,-20.92756023749211
19.912704467896546,-337878.3961837535,-102648.54857740657,119.34397582312147,-2.9085372072721607,289.9258284124899,40.71588896659998,1,-31.278895936311578
21.903974914686202,-336192.1433247016,-101589.44079837883,119.35917125579215,-2.898993222357183,289.39627452297606,41.55901539612594,1,-35.55280543961983
23.895245361475855,-334505.89046564966,-100530.33301935106,119.37436633882517,-2.8894490200357836,288.8667206334622,42.40214182565191,1,-36.835241435306244
25.88651580826551,-332819.63760659774,-99471.22524032331,119.38956107343104,-2.8799046007580644,288.33716674394833,43.245268255177876,1,-26.402979539805003
27.87778625505517,-331133.3847475458,-98412.11746129555,119.40475546082031,-2.870359964974061,287.8076128544344,44.088394684703815,1,-29.506101078696588
29.86905670184482,-329447.1318884939,-97353.0096822678,119.41994950220341,-2.860815113133746,287.27805896492055,44.93152111422978,1,-28.81551533702379
31.860327148634475,-327760.879029442,-96293.90190324004,119.43514319879078,-2.851270045687024,286.7485050754067,45.77464754375575,1,-28.67442724289437
33.85159759542413,-326074.62617039005,-95234.79412421229,119.45033655179283,-2.841724763083742,286.2189511858928,46.617773973281714,1,-39.67949528612606
35.84286804221379,-324388.37331133813,-94175.68634518454,119.46552956241993,-2.832179265773677,285.68939729637896,47.46090040280768,1,-48.24221201302409
37.834138489003436,-322702.1204522862,-93116.5785661568,119.48072223188238,-2.822633554206546,285.15984340686504,48.30402683233362,1,-54.61313609627926
39.82540893579309,-321015.8675932343,-92057.47078712903,119.49591456139052,-2.8130876288320015,284.6302895173512,49.147153261859586,1,-43.04122559699071
41.81667938258275,-319329.61473418237,-90998.36300810128,119.51110655215462,-2.8035414900996334,284.1007356278373,49.99027969138555,1,-50.55101651367233
43.807949829372404,-317643.36187513045,-89939.25522907352,119.52629820538489,-2.793995138458967,283.5711817383234,50.83340612091152,1,-47.7147418191218
45.79922027616206,-315957.1090160785,-88880.14745004577,119.54148952229153,-2.7844485743594682,283.0416278488095,51.676532550437486,1,-33.44348498909824
47.79049072295171,-314270.8561570266,-87821.03967101802,119.55668050408474,-2.7749017982505366,282.51207395929566,52.519658979963424,1,-1.1655265281284206
49.781761169741365,-312584.6032979747,-86761.93189199026,119.57187115197465,-2.7653548105815124,281.9825200697818,53.36278540948939,1,39.054382650216205
51.77303161653102,-310898.35043892276,-85702.8241129625,119.58706146717134,-2.7558076118016714,281.45296618026794,54.20591183901536,1,35.169515928364
53.76430206332068,-309212.0975798709,-84643.71633393475,119.60225145088494,-2.7462602023602294,280.923412290754,55.049038268541295,1,35.85992670677646
55.75557251011034,-307525.844720819,-83584.608554907,119.61744110432542,-2.736712582706339,280.39385840124015,55.89216469806723,1,44.65198839907798
57.746842956899975,-305839.59186176705,-82525.50077587925,119.63263042870288,-2.7271647532890935,279.8643045117263,56.7352911275932,1,38.693898492827266
59.73811340368964,-304153.33900271513,-81466.39299685149,119.64781942522725,-2.717616714557522,279.33475062221237,57.57841755711917,1,29.217654911658176
61.729383850479294,-302467.0861436632,-80407.28521782372,119.66300809510851,-2.708068466960595,278.8051967326985,58.42154398664513,1,14.273929561421962
63.72065429726895,-300780.8332846113,-79348.17743879597,119.67819643955656,-2.698520010947222,278.27564284318464,59.2646704161711,1,9.7362106389519
65.7119247440586,-299094.58042555937,-78289.06965976823,119.6933844597813,-2.68897134696625,277.7460889536708,60.10779684569704,1,11.137923992793969
67.70319519084826,-297408.32756650745,-77229.96188074046,119.7085721569926,-2.6794224754664677,277.2165350641569,60.950923275223005,1,14.495209635528045
69.69446563763792,-295722.0747074555,-76170.85410171271,119.72375953240028,-2.6698733968966013,276.686981174643,61.79404970474897,1,24.255591447743917
71.68573608442757,-294035.8218484036,-75111.74632268495,119.73894658721417,-2.6603241117053207,276.15742728512913,62.63717613427494,1,48.15475157856217
73.67700653121722,-292349.5689893517,-74052.6385436572,119.75413332264402,-2.650774620341233,275.62787339561527,63.480302563800905,1,54.599543175888556
75.66827697800687,-290663.31613029976,-72993.53076462945,119.76931973989961,-2.6412249232528846,275.0983195061014,64.32342899332684,1,40.8875479467038
77.65954742479653,-288977.06327124784,-71934.4229856017,119.78450584019062,-2.6316750208887676,274.5687656165875,65.16655542285281,1,29.388332025073854
79.65081787158618,-287290.8104121959,-70875.31520657394,119.79969162472676,-2.6221249136973106,274.0392117270736,66.00968185237878,1,23.24137623816757
81.64208831837584,-285604.557553144,-69816.20742754618,119.81487709471769,-2.6125746021268843,273.50965783755976,66.85280828190474,1,21.48006987774019
83.6333587651655,-283918.30469409213,-68757.09964851843,119.83006225137305,-2.603024086625801,272.9801039480459,67.69593471143068,1,14.712780065640331
85.62462921195515,-282232.0518350402,-67697.99186949068,119.84524709590241,-2.593473367642316,272.450550058532,68.53906114095662,1,10.780519038236752
87.61589965874481,-280545.7989759883,-66638.88409046293,119.8604316295154,-2.583922445624623,271.9209961690181,69.38218757048259,1,7.007952658798021
89.60717010553446,-278859.54611693637,-65579.77631143517,119.87561585342156,-2.5743713210208603,271.39144227950425,70.22531400000855,1,-0.8100094563599141
91.59844055232412,-277173.29325788445,-64520.66853240741,119.89079976883038,-2.5648199942791075,270.8618883899904,71.06844042953452,1,-12.161624288600393
93.58971099911376,-275487.0403988325,-63461.56075337966,119.90598337695137,-2.5552684658473868,270.33233450047646,71.91156685906049,1,-10.135817893690161
95.58098144590342,-273800.7875397806,-62402.45297435191,119.92116667899403,-2.5457167361736617,269.8027806109626,72.75469328858642,1,-6.841527091552125
97.57225189269307,-272114.5346807287,-61343.34519532415,119.93634967616777,-2.536164805705842,269.27322672144874,73.59781971811239,1,-10.667351221981946
99.56352233948273,-270428.28182167676,-60284.2374162964,119.95153236968203,-2.526612674891776,268.7436728319349,74.44094614763836,1,0.10598617929326837
101.55479278627239,-268742.02896262484,-59225.12963726864,119.96671476074619,-2.5170603441792574,268.21411894242095,75.28407257716432,1,1.337036518781198
103.54606323306204,-267055.7761035729,-58166.021858240885,119.98189685056964,-2.5075078140160243,267.6845650529071,76.12719900669026,1,-0.14422006805311582
105.5373336798517,-265369.523244521,-57106.91407921313,119.99707864036168,-2.4979550848497567,267.1550111633932,76.97032543621623,1,-0.24059126903979022
107.52860412664135,-263683.2703854691,-56047.80630018537,120.01226013133166,-2.4884021571280788,266.62545727387936,77.8134518657422,1,-4.417311580820087
109.51987457343103,-261997.01752641716,-54988.69852115762,120.02744132468885,-2.47884903129856,266.09590338436544,78.65657829526816,1,-10.329533680558479
111.51114502022068,-260310.76466736523,-53929.59074212986,120.04262222164255,-2.469295707808713,265.5663494948516,79.49970472479413,1,-7.121908721977032
113.50241546701034,-258624.5118083133,-52870.482963102106,120.05780282340197,-2.459742187105994,265.0367956053377,80.34283115432007,1,-11.064944685942768
115.49368591379995,-256938.25894926142,-51811.375184074364,120.07298313117636,-2.4501884696378067,264.50724171582385,81.18595758384603,1,-6.081391860041519
117.48495636058962,-255252.00609020953,-50752.26740504661,120.08816314617486,-2.4406345558514957,263.97768782631,82.02908401337197,1,-3.751413830152521
119.47622680737928,-253565.7532311576,-49693.15962601885,120.10334286960666,-2.4310804461943554,263.44813393679607,82.87221044289794,1,-4.243573142732934
121.46749725416893,-251879.5003721057,-48634.0518469911,120.11852230268096,-2.4215261411136217,262.9185800472822,83.71533687242389,1,0.3679919553637526
123.45876770095859,-250193.24751305376,-47574.94406796334,120.13370144660684,-2.4119716410564784,262.38902615776834,84.55846330194986,1,9.177426782903412
125.45003814774824,-248506.99465400184,-46515.83628893559,120.14888030259337,-2.4024169464700527,261.8594722682545,85.40158973147581,1,14.257838984664533
127.4413085945379,-246820.74179494992,-45456.72850990783,120.16405887184968,-2.3928620578014215,261.32991837874056,86.24471616100178,1,9.51048325563972
129.43257904132756,-245134.488935898,-44397.62073088008,120.17923715558479,-2.3833069754976037,260.8003644892267,87.08784259052774,1,2.2777285192952395
131.4238494881172,-243448.23607684608,-43338.51295185232,120.19441515500775,-2.3737517000055663,260.27081059971283,87.9309690200537,1,21.891428083056578
133.41511993490687,-241761.98321779416,-42279.40517282457,120.20959287132757,-2.3641962317722243,259.74125671019897,88.77409544957966,1,24.454838910339323
135.40639038169653,-240075.73035874224,-41220.297393796805,120.22477030575322,-2.3546405712444383,259.21170282068505,89.61722187910561,1,-2.8552697271719487
137.39766082848618,-238389.4774996903,-40161.18961476906,120.23994745949369,-2.3450847188690145,258.6821489311712,90.46034830863158,1,-5.632591429576329
139.38893127527584,-236703.2246406384,-39102.08183574131,120.2551243337579,-2.3355286750927093,258.1525950416573,91.30347473815753,1,-0.39244684054928514
141.3802017220655,-235016.97178158647,-38042.97405671356,120.2703009297548,-2.3259724403622237,257.62304115214346,92.1466011676835,1,16.895196996481936
143.37147216885515,-233330.71892253458,-36983.8662776858,120.28547724869327,-2.3164160151242075,257.09348726262954,92.98972759720945,1,20.42530690596245
145.36274261564478,-231644.46606348266,-35924.75849865805,120.30065329178221,-2.3068593998252607,256.5639333731157,93.8328540267354,1,15.00658305362211
147.35401306243443,-229958.21320443074,-34865.650719630285,120.31582906023046,-2.297302594911926,256.0343794836018,94.67598045626137,1,8.05629683516568
149.3452835092241,-228271.96034537881,-33806.542940602536,120.33100455524688,-2.2877456008307004,255.50482559408792,95.51910688578732,1,4.238037264390552
151.33655395601374,-226585.7074863269,-32747.435161574787,120.34617977804027,-2.2781884180280256,254.97527170457406,96.36223331531329,1,6.059888433270662
153.3278244028034,-224899.45462727497,-31688.327382547024,120.36135472981944,-2.268631046950292,254.44571781506016,97.20535974483926,1,9.157772240297396
155.31909484959306,-223213.20176822305,-30629.219603519276,120.37652941179319,-2.259073488043841,253.9161639255463,98.04848617436521,1,12.748847475737113
157.3103652963827,-221526.94890917113,-29570.111824491512,120.39170382517024,-2.249515741754961,253.3866100360324,98.89161260389118,1,6.0528742720792
159.30163574317237,-219840.6960501192,-28511.004045463764,120.40687797115935,-2.239957808529892,252.85705614651854,99.73473903341713,1,2.272573864453405
161.29290618996203,-218154.4431910673,-27451.896266436,120.42205185096927,-2.2303996888148214,252.32750225700465,100.5778654629431,1,5.241579032672884
163.28417663675168,-216468.19033201537,-26392.788487408252,120.43722546580868,-2.2208413830558884,251.7979483674908,101.42099189246905,1,20.167174177961435
165.27544708354134,-214781.93747296347,-25333.68070838049,120.45239881688626,-2.21128289169918,251.2683944779769,102.264118321995,1,18.248813171169907
167.266717530331,-213095.68461391155,-24274.572929352755,120.4675719054107,-2.201724215190735,250.73884058846303,103.10724475152097,1,-1.622467229708594
169.25798797712065,-211409.43175485963,-23215.46515032499,120.48274473259062,-2.1921653539765416,250.20928669894914,103.95037118104692,1,-9.066565691249199
171.2492584239103,-209723.1788958077,-22156.357371297243,120.49791729963468,-2.1826063085025402,249.67973280943528,104.79349761057289,1,-17.376928339000962
173.24052887069996,-208036.9260367558,-21097.24959226948,120.51308960775147,-2.1730470792146197,249.1501789199214,105.63662404009884,1,-25.967772314603664
175.23179931748962,-206350.6731777039,-20038.14181324173,120.52826165814959,-2.1634876665586216,248.62062503040752,106.47975046962479,1,-18.664457686570735
177.22306976427927,-204664.42031865197,-18979.034034213968,120.54343345203763,-2.1539280709803386,248.09107114089363,107.32287689915074,1,-8.159500307404425
179.21434021106893,-202978.16745960005,-17919.92625518622,120.55860499062415,-2.1443682929255146,247.56151725137977,108.16600332867671,1,-7.940548576068394
181.20561065785859,-201291.91460054813,-16860.818476158456,120.5737762751177,-2.1348083328398446,247.03196336186588,109.00912975820268,1,-5.778688813389252
183.19688110464824,-199605.6617414962,-15801.710697130708,120.58894730672678,-2.1252481911689762,246.502409472352,109.85225618772863,1,-1.2040279713089765
185.1881515514379,-197919.4088824443,-14742.602918102944,120.60411808665997,-2.1156878683585107,245.97285558283812,110.6953826172546,1,-4.170149531715918
187.17942199822753,-196233.15602339237,-13683.495139075196,120.61928861612569,-2.106127364853997,245.44330169332426,111.53850904678055,1,-7.586990714655997
189.17069244501718,-194546.90316434045,-12624.387360047447,120.63445889633246,-2.096566681100941,244.91374780381037,112.38163547630651,1,-16.50628316183503
191.16196289180684,-192860.65030528855,-11565.279581019699,120.64962892848875,-2.0870058175448007,244.3841939142965,113.22476190583247,1,-24.027399127134718
193.1532333385965,-191174.39744623663,-10506.171801991935,120.664798713803,-2.0774447746309836,243.8546400247826,114.06788833535842,1,-24.718917136720133
195.14450378538615,-189488.1445871847,-9447.064022964187,120.67996825348365,-2.0678835528048554,243.32508613526875,114.91101476488438,1,-26.600155665574203
197.1357742321758,-187801.8917281328,-8387.956243936424,120.6951375487391,-2.058322152511731,242.79553224575486,115.75414119441034,1,-23.878056321811783
199.12704467896546,-186115.63886908087,-7328.848464908675,120.71030660077778,-2.048760574196881,242.265978356241,116.5972676239363,1,-16.39906500382217
201.11831512575512,-184429.38601002895,-6269.740685880926,120.72547541080809,-2.039198818305529,241.73642446672713,117.44039405346226,1,-8.20293857920735
203.10958557254477,-182743.13315097702,-5210.632906853163,120.74064398003839,-2.029636885282854,241.20687057721324,118.28352048298822,1,-1.5346209419123067
205.10085601933443,-181056.8802919251,-4151.5251278254145,120.75581230967704,-2.020074775573987,240.67731668769937,119.12664691251419,1,3.3207894843719226
207.09212646612409,-179370.62743287318,-3092.4173487976514,120.7709804009324,-2.010512489624014,240.14776279818548,119.96977334204014,1,6.795180985006181
209.08339691291374,-177684.37457382126,-2033.3095697699027,120.7861482550128,-2.0009500278779777,239.61820890867162,120.81289977156611,1,5.495580786053861
211.0746673597034,-175998.12171476934,-974.2017907421396,120.80131587312655,-1.9913873907808726,239.08865501915773,121.65602620109206,1,-0.8083492375036885
213.06593780649305,-174311.86885571742,84.90598828560906,120.81648325648202,-1.9818245787776507,238.55910112964386,122.49915263061803,1,-10.518281529050661
215.0572082532827,-172625.61599666553,1144.0137673133722,120.83165040628744,-1.9722615923132172,238.02954724012997,123.34227906014398,1,-18.15375546952059
217.0484787000724,-170939.3631376136,2203.121546341121,120.84681732375113,-1.9626984318324354,237.4999933506161,124.18540548966993,1,-21.275968444271577
219.03974914686205,-169253.11027856168,3262.229325368884,120.86198401008134,-1.953135097780122,236.97043946110222,125.0285319191959,1,-22.121935219774365
221.0310195936517,-167566.85741950976,4321.337104396633,120.87715046648634,-1.9435715906010496,236.44088557158835,125.87165834872185,1,-19.783621467245784
223.02229004044136,-165880.60456045784,5380.444883424396,120.89231669417438,-1.9340079107399484,235.91133168207446,126.71478477824782,1,-11.447535451177794
225.01356048723102,-164194.35170140592,6439.552662452144,120.90748269435372,-1.9244440586415037,235.38177779256057,127.55791120777377,1,-0.12186918756769555
227.00483093402067,-162508.098842354,7498.660441479908,120.92264846823252,-1.9148800347503583,234.8522239030467,128.40103763729974,1,6.84361767566889
228.99610138081033,-160821.84598330208,8557.768220507656,120.9378140170191,-1.905315839511111,234.32267001353281,129.2441640668257,1,5.84039939479387
230.9873718275999,-159135.59312425018,9616.87599953539,120.95297934192156,-1.8957514733683178,233.79311612401895,130.08729049635164,1,1.108946826084185
232.97864227438959,-157449.34026519826,10675.983778563139,120.96814444414815,-1.8861869367664912,233.2635622345051,130.9304169258776,1,-3.8137161571556977
234.96991272117924,-155763.08740614637,11735.091557590902,120.98330932490705,-1.8766222301501028,232.7340083449912,131.77354335540355,1,-9.52366343281914
236.9611831679689,-154076.83454709445,12794.19933661865,120.99847398540642,-1.8670573539635795,232.20445445547733,132.6166697849295,1,-13.29428307700513
238.95245361475855,-152390.58168804253,13853.307115646414,121.01363842685441,-1.8574923086513073,231.67490056596344,133.45979621445548,1,-15.33312585811829
240.9437240615482,-150704.3288289906,14912.414894674162,121.02880265045921,-1.8479270946576303,231.14534667644958,134.30292264398145,1,-17.396232730075795
242.93499450833787,-149018.07596993868,15971.522673701926,121.04396665742891,-1.8383617124268516,230.61579278693569,135.1460490735074,1,-20.751304100785674
244.92626495512752,-147331.82311088676,17030.630452729674,121.0591304489717,-1.8287961624032307,230.08623889742182,135.98917550303335,1,-25.229164233950286
246.91753540191718,-145645.57025183484,18089.738231757437,121.07429402629566,-1.8192304450309855,229.55668500790793,136.83230193255932,1,-27.971839621271087
248.90880584870683,-143959.31739278292,19148.846010785186,121.08945739060894,-1.8096645607542972,229.02713111839407,137.67542836208526,1,-30.362714668387817
250.9000762954965,-142273.064533731,20207.953789812935,121.10462054311964,-1.8000985100172993,228.49757722888017,138.51855479161122,1,-30.61742076807563
252.89134674228615,-140586.81167467908,21267.061568840683,121.11978348503584,-1.7905322932640908,227.9680233393663,139.3616812211372,1,-28.21052978218843
254.8826171890758,-138900.55881562716,22326.16934786846,121.13494621756566,-1.7809659109387252,227.43846944985242,140.20480765066316,1,-19.498538007007628
256.87388763586546,-137214.30595657523,23385.27712689621,121.15010874191714,-1.77139936348522,226.90891556033856,141.04793408018912,1,-6.600825158993128
258.8651580826551,-135528.0530975233,24444.38490592396,121.1652710592984,-1.7618326513475497,226.37936167082466,141.8910605097151,1,3.331870350188012
260.85642852944477,-133841.8002384714,25503.492684951707,121.18043317091748,-1.7522657749696497,225.8498077813108,142.73418693924106,1,2.6004577240257674
262.8476989762344,-132155.54737941947,26562.600463979485,121.19559507798247,-1.7426987347954157,225.3202538917969,143.57731336876702,1,-8.92279511671373
264.8389694230241,-130469.29452036758,27621.708243007233,121.21075678170139,-1.7331315312687043,224.79070000228305,144.42043979829293,1,-17.68864076575412
266.83023986981374,-128783.04166131566,28680.816022034982,121.22591828328233,-1.7235641648333324,224.26114611276915,145.2635662278189,1,-28.505108481036377
268.8215103166034,-127096.78880226373,29739.92380106273,121.24107958393328,-1.7139966359330785,223.7315922232553,146.10669265734487,1,-41.92171634025543
270.81278076339305,-125410.53594321181,30799.03158009051,121.2562406848623,-1.7044289450116807,223.2020383337414,146.94981908687083,1,-43.86151433398389
272.8040512101827,-123724.28308415989,31858.139359118257,121.27140158727742,-1.6948610925128411,222.67248444422754,147.7929455163968,1,-33.928848452198025
274.79532165697236,-122038.03022510797,32917.247138146005,121.28656229238666,-1.6852930788802207,222.14293055471364,148.63607194592277,1,-23.627255986201817
276.786592103762,-120351.77736605605,33976.354917173754,121.30172280139806,-1.675724904557444,221.61337666519978,149.4791983754487,1,-18.204341752543563
278.7778625505517,-118665.52450700413,35035.4626962015,121.31688311551957,-1.666156569988097,221.08382277568592,150.32232480497467,1,-13.722910039444976
280.7691329973413,-116979.27164795224,36094.57047522925,121.33204323595926,-1.6565880756157274,220.55426888617203,151.1654512345006,1,-11.588834081326148
282.760403444131,-115293.01878890031,37153.678254257,121.34720316392512,-1.647019421883846,220.02471499665816,152.00857766402657,1,-13.00915886663748
284.7516738909206,-113606.76592984842,38212.78603328475,121.36236290062513,-1.6374506092359267,219.49516110714427,152.85170409355254,1,-6.5279588477871835
286.7429443377103,-111920.5130707965,39271.893812312526,121.37752244726727,-1.627881638115404,218.9656072176304,153.69483052307848,1,56.106833364490065
288.7342147844999,-110234.26021174458,40331.001591340275,121.39268180505955,-1.618312508965679,218.43605332811651,154.53795695260445,1,39.342065844735586
290.72548523128955,-108548.00735269266,41390.10937036802,121.40784097520996,-1.6087432222301128,217.90649943860265,155.3810833821304,1,19.875126015813837
292.7167556780792,-106861.75449364074,42449.21714939577,121.42299995892648,-1.599173778352032,217.37694554908876,156.22420981165638,1,27.929755314259626
294.70802612486887,-105175.50163458881,43508.32492842355,121.43815875741709,-1.5896041777747258,216.8473916595749,157.06733624118232,1,11.66604694679809
296.6992965716585,-103489.2487755369,44567.4327074513,121.45331737188972,-1.5800344209414479,216.317837770061,157.91046267070828,1,7.504608627102457
298.6905670184482,-101802.99591648497,45626.54048647905,121.46847580355241,-1.570464508295416,215.78828388054714,158.75358910023425,1,9.844366526522169
300.6818374652379,-100116.74305743305,46685.648265506796,121.48363405361307,-1.5608944402798122,215.25872999103325,159.59671552976022,1,12.583984418054408
302.6731079120275,-98430.49019838113,47744.756044534544,121.4987921232797,-1.5513242173377824,214.72917610151939,160.43984195928618,1,14.879588439765513
304.6643783588172,-96744.23733932921,48803.86382356232,121.51395001376027,-1.5417538399124382,214.1996222120055,161.28296838881215,1,24.308282714229083
306.6556488056068,-95057.98448027729,49862.97160259007,121.52910772626272,-1.532183308446856,213.67006832249163,162.1260948183381,1,29.956855303816965
308.6469192523965,-93371.73162122536,50922.07938161782,121.54426526199501,-1.5226126233840773,213.14051443297774,162.96922124786406,1,18.92249981217629
310.6381896991861,-91685.47876217344,51981.18716064557,121.5594226221651,-1.513041785167108,212.61096054346388,163.81234767739002,1,14.319167477812856
312.6294601459758,-89999.22590312152,53040.294939673346,121.57457980798097,-1.5034707942389212,212.08140665394998,164.65547410691596,1,13.481599677891701
314.6207305927654,-88312.9730440696,54099.402718701094,121.58973682065053,-1.493899651042455,211.55185276443612,165.49860053644193,1,11.585378946263813
316.61200103955514,-86626.72018501768,55158.51049772884,121.6048936613818,-1.4843283560206129,211.02229887492223,166.3417269659679,1,10.994749008242032
318.60327148634474,-84940.46732596576,56217.61827675659,121.62005033138267,-1.474756909616266,210.49274498540836,167.18485339549386,1,3.7413001340099212
320.59454193313445,-83254.21446691384,57276.72605578437,121.63520683186114,-1.465185312272251,209.96319109589447,168.02797982501983,1,-2.7108827301418885
322.58581237992405,-81567.96160786191,58335.83383481212,121.65036316402512,-1.4556135644313704,209.43363720638058,168.8711062545458,1,4.272770900173737
324.57708282671376,-79881.70874881,59394.94161383987,121.66551932908261,-1.446041666536396,208.90408331686672,169.71423268407173,1,5.337683763438622
326.56835327350336,-78195.45588975807,60454.049392867615,121.68067532824155,-1.4364696190300645,208.37452942735285,170.5573591135977,1,6.560486061247111
328.5596237202931,-76509.20303070621,61513.157171895364,121.69583116270987,-1.4268974223550799,207.84497553783896,171.40048554312364,1,10.781010866153888
330.5508941670827,-74822.95017165429,62572.26495092314,121.71098683369553,-1.4173250769541148,207.31542164832507,172.2436119726496,1,14.834503696758324
332.5421646138723,-73136.69731260237,63631.37272995086,121.72614234240653,-1.4077525832698095,206.78586775881124,173.08673840217557,1,14.817094691457248
334.533435060662,-71450.44445355044,64690.48050897861,121.74129769005077,-1.3981799417447711,206.25631386929734,173.9298648317015,1,11.237834074408186
336.5247055074516,-69764.19159449852,65749.58828800639,121.75645287783627,-1.3886071528215749,205.72675997978345,174.77299126122747,1,3.6379416111420135
338.5159759542413,-68077.9387354466,66808.69606703414,121.77160790697091,-1.3790342169427663,205.1972060902696,175.61611769075344,1,-5.026865619172654
340.5072464010309,-66391.68587639468,67867.80384606188,121.78676277866273,-1.3694611345508576,204.6676522007557,176.4592441202794,1,-14.454583202497352
342.4985168478206,-64705.43301734276,68926.91162508963,121.80191749411965,-1.3598879060883302,204.13809831124183,177.30237054980535,1,-24.797489902356187
344.4897872946102,-63019.18015829084,69986.01940411741,121.81707205454967,-1.3503145319976337,203.60854442172794,178.1454969793313,1,-31.956798484242135
346.4810577413999,-61332.927299238916,71045.12718314516,121.83222646116072,-1.3407410127211883,203.07899053221408,178.98862340885728,1,-33.480157462873244
348.4723281881895,-59646.674440186995,72104.23496217291,121.8473807151608,-1.3311673487013835,202.5494366427002,179.83174983838325,1,-31.89379567465457
350.46359863497923,-57960.42158113513,73163.34274120066,121.86253481775788,-1.3215935403805774,202.01988275318632,180.67487626790918,1,-31.44752124789818
352.4548690817689,-56274.16872208321,74222.4505202284,121.8776887701599,-1.312019588201098,201.49032886367246,181.51800269743512,1,-29.691003886482324
354.44613952855855,-54587.91586303129,75281.55829925618,121.89284257357491,-1.3024454926052438,200.96077497415857,182.3611291269611,1,-30.065224915825798
356.4374099753482,-52901.66300397937,76340.66607828393,121.90799622921087,-1.2928712540352836,200.43122108464468,183.20425555648706,1,-27.63898627895157
358.42868042213786,-51215.410144927446,77399.77385731168,121.92314973827575,-1.2832968729334564,199.9016671951308,184.04738198601302,1,-24.27374308424094
360.4199508689275,-49529.157285875524,78458.88163633943,121.93830310197757,-1.273722349741972,199.37211330561695,184.890508415539,1,-23.81022255046709
362.41122131571717,-47842.9044268236,79517.9894153672,121.9534563215243,-1.2641476849030098,198.84255941610306,185.73363484506493,1,-22.49979214726411
364.4024917625068,-46156.65156777168,80577.09719439496,121.96860939812399,-1.2545728788587232,198.31300552658917,186.5767612745909,1,-19.410908778376346
366.3937622092965,-44470.39870871976,81636.2049734227,121.9837623329846,-1.2449979320512332,197.7834516370753,187.41988770411686,1,-12.129389274813533
368.38503265608614,-42784.14584966784,82695.31275245045,121.99891512731418,-1.2354228449226352,197.25389774756144,188.26301413364283,1,-5.319884091235279
370.3763031028758,-41097.89299061592,83754.42053147823,122.0140677823207,-1.2258476179149949,196.72434385804755,189.10614056316876,1,0.4980681693672667
372.36757354966545,-39411.640131563996,84813.52831050598,122.02922029921224,-1.2162722514703503,196.19478996853366,189.94926699269473,1,-0.8070623556739189
374.35884399645505,-37725.387272512075,85872.63608953373,122.0443726791968,-1.2066967460307116,195.6652360790198,190.7923934222207,1,5.665835390411653
376.35011444324476,-36039.13441346015,86931.74386856148,122.05952492348244,-1.1971211020380612,195.13568218950593,191.63551985174666,1,3.1025996434242455
378.34138489003436,-34352.88155440823,87990.85164758922,122.07467703327715,-1.187545319934353,194.60612829999204,192.47864628127263,1,5.355838162128412
380.3326553368241,-32666.62869535631,89049.959426617,122.08982900978906,-1.1779694001615155,194.07657441047814,193.3217727107986,1,4.282480482129508
382.3239257836137,-30980.375836304447,90109.06720564472,122.10498085422616,-1.1683933431614497,193.54702052096428,194.1648991403245,1,-4.407683952662976
384.31519623040333,-29294.122977252526,91168.17498467247,122.12013256779656,-1.1588171493760293,193.01746663145042,195.00802556985047,1,-15.936023565623833
386.306466677193,-27607.870118200604,92227.28276370025,122.1352841517083,-1.1492408192471002,192.48791274193653,195.85115199937644,1,-16.160586033011413
388.29773712398264,-25921.617259148683,93286.390542728,122.15043560716947,-1.1396643532164836,191.95835885242266,196.6942784289024,1,-20.67136362378822
390.2890075707723,-24235.36440009676,94345.49832175575,122.16558693538813,-1.130087751725975,191.42880496290877,197.53740485842835,1,-29.645238444338485
392.28027801756195,-22549.11154104484,95404.6061007835,122.18073813757242,-1.120511015217342,190.8992510733949,198.3805312879543,1,-36.294832663186185
394.2715484643516,-20862.85868199292,96463.71387981127,122.19588921493042,-1.1109341441323284,190.36969718388102,199.22365771748028,1,-36.16638787260048
396.26281891114127,-19176.605822940997,97522.82165883902,122.21104016867025,-1.1013571389126504,189.84014329436715,200.06678414700625,1,-32.393749361406854
398.2540893579309,-17490.352963889076,98581.92943786677,122.22619100000001,-1.0917800000000002,189.31058940485326,200.9099105765322,1,-20.00117849868181
